Workbook
Name Slicer_TANGGAL_CHECK_IN: #N/A

Sheet Master_Data
A1: HOTEL PAVILION RUYI
A2: Jl. Peach Blossom Alley, No. 35
A3: Xinyi, Prov. Daebak-gil Selatan, 8943
A6: TIPE KAMAR | B6: HARGA PER MALAM | C6: KAPASITAS KAMAR | D6: KODE KAMAR
A7: Standard Room | B7: 800000 | C7: 2 | D7: KMR1
A8: Superior Room | B8: 1200000 | C8: 2 | D8: KMR2
A9: Deluxe Room | B9: 1800000 | C9: 2 | D9: KMR3
A10: Suite | B10: 2000000 | C10: 4 | D10: KMR4
A11: Family Room | B11: 500000 | C11: 3 | D11: KMR5

Sheet Reservation_Log
A1: HOTEL PAVILION RUYI
A2: Jl. Peach Blossom Alley, No. 35
A3: Xinyi, Prov. Daebak-gil Selatan, 8943
A6: NO | B6: KODE RESERVASI | C6: NAMA TAMU | D6: KONTAK TAMU | E6: JENIS IDENTITAS | F6: JENIS PEMESANAN | G6: TUJUAN TAMU | H6: TANGGAL CHECK-IN | I6: TANGGAL CHECK-OUT | J6: JUMLAH ORANG | K6: KODE KAMAR | L6: TIPE KAMAR | M6: KAPASITAS KAMAR | N6: HARGA PER MALAM | O6: LAMA INAP | P6: TOTAL BIAYA (AWAL) | Q6: JENIS LAYANAN EXTRA | R6: BIAYA TAMBAHAN | S6: TOTAL TAGIHAN | T6: METODE PEMBAYARAN | U6: STATUS KEDATANGAN | V6: STATUS PEMBAYARAN
A7: 1 | B7: K-BO-01/05/25-S-KMR1 | C7: LOKA WIRANTA | D7: loka.wiranta@maildummy.com | E7: =IF(LEFT(B7,1)="K","KTP","Paspor") -> KTP | F7: =_xlfn.IFS(MID(B7,3,2)="BO","Booking Online",MID(B7,3,2)="WI","Walk-in",TRUE,"Booking via Telepon") -> Booking Online | G7: =IF(MID(B7,15,1)="S","Staycation",IF(MID(B7,15,1)="T","Travelers","Perjalanan Bisnis")) -> Staycation | H7: =DATEVALUE(MID(B7,6,8)) -> 45778 | I7: =_xlfn.IFS(G7="Staycation",H7+3,G7="Walk-in",H7+3,G7="Perjalanan Bisnis",H7+5,TRUE,H7+2) -> 45781 | J7: 2 | K7: =RIGHT(B7,4) -> KMR1 | L7: =INDEX(Master_Data!$A$7:$A$11,MATCH(Reservation_Log!K7,Master_Data!$D$7:$D$11,0)) -> Standard Room | M7: =INDEX(Master_Data!$C$7:$C$11,MATCH(Reservation_Log!K7,Master_Data!$D$7:$D$11,0)) -> 2 | N7: =INDEX(Master_Data!$B$7:$B$11,MATCH(Reservation_Log!K7,Master_Data!$D$7:$D$11,0)) -> 800000 | O7: =I7-H7&" hari" -> 3 hari | P7: =N7*SUBSTITUTE(O7," hari","") -> 2400000 | Q7: Sarapan | R7: =_xlfn.IFS(Q7="Sarapan",75000,Q7="Box Bayi",150000,Q7="Layanan Antar-Jemput",200000,Q7="Laundry",50000,Q7="Paket Spa & Pijat",300000,TRUE,0) -> 75000 | S7: =P7+R7 -> 2475000 | T7: =_xlfn.IFS(F7="Booking Online","TF/VA/Kartu Kredit",F7="Walk-in","Tunai/Kartu Kredit/Debit",TRUE,"TF/Tunai") -> TF/VA/Kartu Kredit | U7: =_xlfn.IFS(I7<TODAY(),"sudah check out",I7>TODAY(),"belum datang",TRUE,"sedang menginap ") -> sudah check out | V7: =IF(AND(T7="Tunai/Kartu Kredit/Debit",U7="belum datang"),"Belum lunas","Lunas") -> Lunas
A8: 2 | B8: K-WI-01/05/25-S-KMR5 | C8: HANA LIN | D8: +62 813-2345-6789 | E8: =IF(LEFT(B8,1)="K","KTP","Paspor") -> KTP | F8: =_xlfn.IFS(MID(B8,3,2)="BO","Booking Online",MID(B8,3,2)="WI","Walk-in",TRUE,"Booking via Telepon") -> Walk-in | G8: =IF(MID(B8,15,1)="S","Staycation",IF(MID(B8,15,1)="T","Travelers","Perjalanan Bisnis")) -> Staycation | H8: =DATEVALUE(MID(B8,6,8)) -> 45778 | I8: =_xlfn.IFS(G8="Staycation",H8+3,G8="Walk-in",H8+3,G8="Perjalanan Bisnis",H8+5,TRUE,H8+2) -> 45781 | J8: 3 | K8: =RIGHT(B8,4) -> KMR5 | L8: =INDEX(Master_Data!$A$7:$A$11,MATCH(Reservation_Log!K8,Master_Data!$D$7:$D$11,0)) -> Family Room | M8: =INDEX(Master_Data!$C$7:$C$11,MATCH(Reservation_Log!K8,Master_Data!$D$7:$D$11,0)) -> 3 | N8: =INDEX(Master_Data!$B$7:$B$11,MATCH(Reservation_Log!K8,Master_Data!$D$7:$D$11,0)) -> 500000 | O8: =I8-H8&" hari" -> 3 hari | P8: =N8*SUBSTITUTE(O8," hari","") -> 1500000 | Q8: Box Bayi | R8: =_xlfn.IFS(Q8="Sarapan",75000,Q8="Box Bayi",150000,Q8="Layanan Antar-Jemput",200000,Q8="Laundry",50000,Q8="Paket Spa & Pijat",300000,TRUE,0) -> 150000 | S8: =P8+R8 -> 1650000 | T8: =_xlfn.IFS(F8="Booking Online","TF/VA/Kartu Kredit",F8="Walk-in","Tunai/Kartu Kredit/Debit",TRUE,"TF/Tunai") -> Tunai/Kartu Kredit/Debit | U8: =_xlfn.IFS(I8<TODAY(),"sudah check out",I8>TODAY(),"belum datang",TRUE,"sedang menginap ") -> sudah check out | V8: =IF(AND(T8="Tunai/Kartu Kredit/Debit",U8="belum datang"),"Belum lunas","Lunas") -> Lunas
A9: 3 | B9: P-BT-01/05/25-B-KMR2 | C9: SANITA VELORA | D9: +62 811-9876-5432 | E9: =IF(LEFT(B9,1)="K","KTP","Paspor") -> Paspor | F9: =_xlfn.IFS(MID(B9,3,2)="BO","Booking Online",MID(B9,3,2)="WI","Walk-in",TRUE,"Booking via Telepon") -> Booking via Telepon | G9: =IF(MID(B9,15,1)="S","Staycation",IF(MID(B9,15,1)="T","Travelers","Perjalanan Bisnis")) -> Perjalanan Bisnis | H9: =DATEVALUE(MID(B9,6,8)) -> 45778 | I9: =_xlfn.IFS(G9="Staycation",H9+3,G9="Walk-in",H9+3,G9="Perjalanan Bisnis",H9+5,TRUE,H9+2) -> 45783 | J9: 1 | K9: =RIGHT(B9,4) -> KMR2 | L9: =INDEX(Master_Data!$A$7:$A$11,MATCH(Reservation_Log!K9,Master_Data!$D$7:$D$11,0)) -> Superior Room | M9: =INDEX(Master_Data!$C$7:$C$11,MATCH(Reservation_Log!K9,Master_Data!$D$7:$D$11,0)) -> 2 | N9: =INDEX(Master_Data!$B$7:$B$11,MATCH(Reservation_Log!K9,Master_Data!$D$7:$D$11,0)) -> 1200000 | O9: =I9-H9&" hari" -> 5 hari | P9: =N9*SUBSTITUTE(O9," hari","") -> 6000000 | Q9: - | R9: =_xlfn.IFS(Q9="Sarapan",75000,Q9="Box Bayi",150000,Q9="Layanan Antar-Jemput",200000,Q9="Laundry",50000,Q9="Paket Spa & Pijat",300000,TRUE,0) -> 0 | S9: =P9+R9 -> 6000000 | T9: =_xlfn.IFS(F9="Booking Online","TF/VA/Kartu Kredit",F9="Walk-in","Tunai/Kartu Kredit/Debit",TRUE,"TF/Tunai") -> TF/Tunai | U9: =_xlfn.IFS(I9<TODAY(),"sudah check out",I9>TODAY(),"belum datang",TRUE,"sedang menginap ") -> sudah check out | V9: =IF(AND(T9="Tunai/Kartu Kredit/Debit",U9="belum datang"),"Belum lunas","Lunas") -> Lunas
A10: 4 | B10: K-BT-02/05/25-T-KMR4 | C10: VANYA RUSELINA | D10: +62 814-8765-4321 | E10: =IF(LEFT(B10,1)="K","KTP","Paspor") -> KTP | F10: =_xlfn.IFS(MID(B10,3,2)="BO","Booking Online",MID(B10,3,2)="WI","Walk-in",TRUE,"Booking via Telepon") -> Booking via Telepon | G10: =IF(MID(B10,15,1)="S","Staycation",IF(MID(B10,15,1)="T","Travelers","Perjalanan Bisnis")) -> Travelers | H10: =DATEVALUE(MID(B10,6,8)) -> 45779 | I10: =_xlfn.IFS(G10="Staycation",H10+3,G10="Walk-in",H10+3,G10="Perjalanan Bisnis",H10+5,TRUE,H10+2) -> 45781 | J10: 3 | K10: =RIGHT(B10,4) -> KMR4 | L10: =INDEX(Master_Data!$A$7:$A$11,MATCH(Reservation_Log!K10,Master_Data!$D$7:$D$11,0)) -> Suite | M10: =INDEX(Master_Data!$C$7:$C$11,MATCH(Reservation_Log!K10,Master_Data!$D$7:$D$11,0)) -> 4 | N10: =INDEX(Master_Data!$B$7:$B$11,MATCH(Reservation_Log!K10,Master_Data!$D$7:$D$11,0)) -> 2000000 | O10: =I10-H10&" hari" -> 2 hari | P10: =N10*SUBSTITUTE(O10," hari","") -> 4000000 | Q10: Layanan Antar-Jemput | R10: =_xlfn.IFS(Q10="Sarapan",75000,Q10="Box Bayi",150000,Q10="Layanan Antar-Jemput",200000,Q10="Laundry",50000,Q10="Paket Spa & Pijat",300000,TRUE,0) -> 200000 | S10: =P10+R10 -> 4200000 | T10: =_xlfn.IFS(F10="Booking Online","TF/VA/Kartu Kredit",F10="Walk-in","Tunai/Kartu Kredit/Debit",TRUE,"TF/Tunai") -> TF/Tunai | U10: =_xlfn.IFS(I10<TODAY(),"sudah check out",I10>TODAY(),"belum datang",TRUE,"sedang menginap ") -> sudah check out | V10: =IF(AND(T10="Tunai/Kartu Kredit/Debit",U10="belum datang"),"Belum lunas","Lunas") -> Lunas
A11: 5 | B11: P-WI-03/05/25-S-KMR3 | C11: REZA TARMOKO | D11: +62 816-6543-2109 | E11: =IF(LEFT(B11,1)="K","KTP","Paspor") -> Paspor | F11: =_xlfn.IFS(MID(B11,3,2)="BO","Booking Online",MID(B11,3,2)="WI","Walk-in",TRUE,"Booking via Telepon") -> Walk-in | G11: =IF(MID(B11,15,1)="S","Staycation",IF(MID(B11,15,1)="T","Travelers","Perjalanan Bisnis")) -> Staycation | H11: =DATEVALUE(MID(B11,6,8)) -> 45780 | I11: =_xlfn.IFS(G11="Staycation",H11+3,G11="Walk-in",H11+3,G11="Perjalanan Bisnis",H11+5,TRUE,H11+2) -> 45783 | J11: 2 | K11: =RIGHT(B11,4) -> KMR3 | L11: =INDEX(Master_Data!$A$7:$A$11,MATCH(Reservation_Log!K11,Master_Data!$D$7:$D$11,0)) -> Deluxe Room | M11: =INDEX(Master_Data!$C$7:$C$11,MATCH(Reservation_Log!K11,Master_Data!$D$7:$D$11,0)) -> 2 | N11: =INDEX(Master_Data!$B$7:$B$11,MATCH(Reservation_Log!K11,Master_Data!$D$7:$D$11,0)) -> 1800000 | O11: =I11-H11&" hari" -> 3 hari | P11: =N11*SUBSTITUTE(O11," hari","") -> 5400000 | Q11: Laundry | R11: =_xlfn.IFS(Q11="Sarapan",75000,Q11="Box Bayi",150000,Q11="Layanan Antar-Jemput",200000,Q11="Laundry",50000,Q11="Paket Spa & Pijat",300000,TRUE,0) -> 50000 | S11: =P11+R11 -> 5450000 | T11: =_xlfn.IFS(F11="Booking Online","TF/VA/Kartu Kredit",F11="Walk-in","Tunai/Kartu Kredit/Debit",TRUE,"TF/Tunai") -> Tunai/Kartu Kredit/Debit | U11: =_xlfn.IFS(I11<TODAY(),"sudah check out",I11>TODAY(),"belum datang",TRUE,"sedang menginap ") -> sudah check out | V11: =IF(AND(T11="Tunai/Kartu Kredit/Debit",U11="belum datang"),"Belum lunas","Lunas") -> Lunas
A12: 6 | B12: K-BO-05/05/25-B-KMR2 | C12: DARGO MAWESTA | D12: dargo.mawesta@dummy.com | E12: =IF(LEFT(B12,1)="K","KTP","Paspor") -> KTP | F12: =_xlfn.IFS(MID(B12,3,2)="BO","Booking Online",MID(B12,3,2)="WI","Walk-in",TRUE,"Booking via Telepon") -> Booking Online | G12: =IF(MID(B12,15,1)="S","Staycation",IF(MID(B12,15,1)="T","Travelers","Perjalanan Bisnis")) -> Perjalanan Bisnis | H12: =DATEVALUE(MID(B12,6,8)) -> 45782 | I12: =_xlfn.IFS(G12="Staycation",H12+3,G12="Walk-in",H12+3,G12="Perjalanan Bisnis",H12+5,TRUE,H12+2) -> 45787 | J12: 2 | K12: =RIGHT(B12,4) -> KMR2 | L12: =INDEX(Master_Data!$A$7:$A$11,MATCH(Reservation_Log!K12,Master_Data!$D$7:$D$11,0)) -> Superior Room | M12: =INDEX(Master_Data!$C$7:$C$11,MATCH(Reservation_Log!K12,Master_Data!$D$7:$D$11,0)) -> 2 | N12: =INDEX(Master_Data!$B$7:$B$11,MATCH(Reservation_Log!K12,Master_Data!$D$7:$D$11,0)) -> 1200000 | O12: =I12-H12&" hari" -> 5 hari | P12: =N12*SUBSTITUTE(O12," hari","") -> 6000000 | Q12: Paket Spa & Pijat | R12: =_xlfn.IFS(Q12="Sarapan",75000,Q12="Box Bayi",150000,Q12="Layanan Antar-Jemput",200000,Q12="Laundry",50000,Q12="Paket Spa & Pijat",300000,TRUE,0) -> 300000 | S12: =P12+R12 -> 6300000 | T12: =_xlfn.IFS(F12="Booking Online","TF/VA/Kartu Kredit",F12="Walk-in","Tunai/Kartu Kredit/Debit",TRUE,"TF/Tunai") -> TF/VA/Kartu Kredit | U12: =_xlfn.IFS(I12<TODAY(),"sudah check out",I12>TODAY(),"belum datang",TRUE,"sedang menginap ") -> sudah check out | V12: =IF(AND(T12="Tunai/Kartu Kredit/Debit",U12="belum datang"),"Belum lunas","Lunas") -> Lunas
A13: 7 | B13: K-WI-05/05/25-T-KMR2 | C13: TISYA AVENDRA | D13: +62 817-7654-3210 | E13: =IF(LEFT(B13,1)="K","KTP","Paspor") -> KTP | F13: =_xlfn.IFS(MID(B13,3,2)="BO","Booking Online",MID(B13,3,2)="WI","Walk-in",TRUE,"Booking via Telepon") -> Walk-in | G13: =IF(MID(B13,15,1)="S","Staycation",IF(MID(B13,15,1)="T","Travelers","Perjalanan Bisnis")) -> Travelers | H13: =DATEVALUE(MID(B13,6,8)) -> 45782 | I13: =_xlfn.IFS(G13="Staycation",H13+3,G13="Walk-in",H13+3,G13="Perjalanan Bisnis",H13+5,TRUE,H13+2) -> 45784 | J13: 1 | K13: =RIGHT(B13,4) -> KMR2 | L13: =INDEX(Master_Data!$A$7:$A$11,MATCH(Reservation_Log!K13,Master_Data!$D$7:$D$11,0)) -> Superior Room | M13: =INDEX(Master_Data!$C$7:$C$11,MATCH(Reservation_Log!K13,Master_Data!$D$7:$D$11,0)) -> 2 | N13: =INDEX(Master_Data!$B$7:$B$11,MATCH(Reservation_Log!K13,Master_Data!$D$7:$D$11,0)) -> 1200000 | O13: =I13-H13&" hari" -> 2 hari | P13: =N13*SUBSTITUTE(O13," hari","") -> 2400000 | Q13: - | R13: =_xlfn.IFS(Q13="Sarapan",75000,Q13="Box Bayi",150000,Q13="Layanan Antar-Jemput",200000,Q13="Laundry",50000,Q13="Paket Spa & Pijat",300000,TRUE,0) -> 0 | S13: =P13+R13 -> 2400000 | T13: =_xlfn.IFS(F13="Booking Online","TF/VA/Kartu Kredit",F13="Walk-in","Tunai/Kartu Kredit/Debit",TRUE,"TF/Tunai") -> Tunai/Kartu Kredit/Debit | U13: =_xlfn.IFS(I13<TODAY(),"sudah check out",I13>TODAY(),"belum datang",TRUE,"sedang menginap ") -> sudah check out | V13: =IF(AND(T13="Tunai/Kartu Kredit/Debit",U13="belum datang"),"Belum lunas","Lunas") -> Lunas
A14: 8 | B14: K-BT-07/05/25-T-KMR2 | C14: KARYO LIMANTARA | D14: +62 818-6543-2109 | E14: =IF(LEFT(B14,1)="K","KTP","Paspor") -> KTP | F14: =_xlfn.IFS(MID(B14,3,2)="BO","Booking Online",MID(B14,3,2)="WI","Walk-in",TRUE,"Booking via Telepon") -> Booking via Telepon | G14: =IF(MID(B14,15,1)="S","Staycation",IF(MID(B14,15,1)="T","Travelers","Perjalanan Bisnis")) -> Travelers | H14: =DATEVALUE(MID(B14,6,8)) -> 45784 | I14: =_xlfn.IFS(G14="Staycation",H14+3,G14="Walk-in",H14+3,G14="Perjalanan Bisnis",H14+5,TRUE,H14+2) -> 45786 | J14: 2 | K14: =RIGHT(B14,4) -> KMR2 | L14: =INDEX(Master_Data!$A$7:$A$11,MATCH(Reservation_Log!K14,Master_Data!$D$7:$D$11,0)) -> Superior Room | M14: =INDEX(Master_Data!$C$7:$C$11,MATCH(Reservation_Log!K14,Master_Data!$D$7:$D$11,0)) -> 2 | N14: =INDEX(Master_Data!$B$7:$B$11,MATCH(Reservation_Log!K14,Master_Data!$D$7:$D$11,0)) -> 1200000 | O14: =I14-H14&" hari" -> 2 hari | P14: =N14*SUBSTITUTE(O14," hari","") -> 2400000 | Q14: - | R14: =_xlfn.IFS(Q14="Sarapan",75000,Q14="Box Bayi",150000,Q14="Layanan Antar-Jemput",200000,Q14="Laundry",50000,Q14="Paket Spa & Pijat",300000,TRUE,0) -> 0 | S14: =P14+R14 -> 2400000 | T14: =_xlfn.IFS(F14="Booking Online","TF/VA/Kartu Kredit",F14="Walk-in","Tunai/Kartu Kredit/Debit",TRUE,"TF/Tunai") -> TF/Tunai | U14: =_xlfn.IFS(I14<TODAY(),"sudah check out",I14>TODAY(),"belum datang",TRUE,"sedang menginap ") -> sudah check out | V14: =IF(AND(T14="Tunai/Kartu Kredit/Debit",U14="belum datang"),"Belum lunas","Lunas") -> Lunas
A15: 9 | B15: P-BO-10/05/25-B-KMR4 | C15: JEFRO MALANTARA | D15: jefro.malantara@dummy.org | E15: =IF(LEFT(B15,1)="K","KTP","Paspor") -> Paspor | F15: =_xlfn.IFS(MID(B15,3,2)="BO","Booking Online",MID(B15,3,2)="WI","Walk-in",TRUE,"Booking via Telepon") -> Booking Online | G15: =IF(MID(B15,15,1)="S","Staycation",IF(MID(B15,15,1)="T","Travelers","Perjalanan Bisnis")) -> Perjalanan Bisnis | H15: =DATEVALUE(MID(B15,6,8)) -> 45787 | I15: =_xlfn.IFS(G15="Staycation",H15+3,G15="Walk-in",H15+3,G15="Perjalanan Bisnis",H15+5,TRUE,H15+2) -> 45792 | J15: 4 | K15: =RIGHT(B15,4) -> KMR4 | L15: =INDEX(Master_Data!$A$7:$A$11,MATCH(Reservation_Log!K15,Master_Data!$D$7:$D$11,0)) -> Suite | M15: =INDEX(Master_Data!$C$7:$C$11,MATCH(Reservation_Log!K15,Master_Data!$D$7:$D$11,0)) -> 4 | N15: =INDEX(Master_Data!$B$7:$B$11,MATCH(Reservation_Log!K15,Master_Data!$D$7:$D$11,0)) -> 2000000 | O15: =I15-H15&" hari" -> 5 hari | P15: =N15*SUBSTITUTE(O15," hari","") -> 10000000 | Q15: - | R15: =_xlfn.IFS(Q15="Sarapan",75000,Q15="Box Bayi",150000,Q15="Layanan Antar-Jemput",200000,Q15="Laundry",50000,Q15="Paket Spa & Pijat",300000,TRUE,0) -> 0 | S15: =P15+R15 -> 10000000 | T15: =_xlfn.IFS(F15="Booking Online","TF/VA/Kartu Kredit",F15="Walk-in","Tunai/Kartu Kredit/Debit",TRUE,"TF/Tunai") -> TF/VA/Kartu Kredit | U15: =_xlfn.IFS(I15<TODAY(),"sudah check out",I15>TODAY(),"belum datang",TRUE,"sedang menginap ") -> sudah check out | V15: =IF(AND(T15="Tunai/Kartu Kredit/Debit",U15="belum datang"),"Belum lunas","Lunas") -> Lunas
A16: 10 | B16: P-BO-13/05/25-S-KMR1 | C16: BINAR KENDARTA | D16: binar.kendarta@maildummy.net | E16: =IF(LEFT(B16,1)="K","KTP","Paspor") -> Paspor | F16: =_xlfn.IFS(MID(B16,3,2)="BO","Booking Online",MID(B16,3,2)="WI","Walk-in",TRUE,"Booking via Telepon") -> Booking Online | G16: =IF(MID(B16,15,1)="S","Staycation",IF(MID(B16,15,1)="T","Travelers","Perjalanan Bisnis")) -> Staycation | H16: =DATEVALUE(MID(B16,6,8)) -> 45790 | I16: =_xlfn.IFS(G16="Staycation",H16+3,G16="Walk-in",H16+3,G16="Perjalanan Bisnis",H16+5,TRUE,H16+2) -> 45793 | J16: 1 | K16: =RIGHT(B16,4) -> KMR1 | L16: =INDEX(Master_Data!$A$7:$A$11,MATCH(Reservation_Log!K16,Master_Data!$D$7:$D$11,0)) -> Standard Room | M16: =INDEX(Master_Data!$C$7:$C$11,MATCH(Reservation_Log!K16,Master_Data!$D$7:$D$11,0)) -> 2 | N16: =INDEX(Master_Data!$B$7:$B$11,MATCH(Reservation_Log!K16,Master_Data!$D$7:$D$11,0)) -> 800000 | O16: =I16-H16&" hari" -> 3 hari | P16: =N16*SUBSTITUTE(O16," hari","") -> 2400000 | Q16: Sarapan | R16: =_xlfn.IFS(Q16="Sarapan",75000,Q16="Box Bayi",150000,Q16="Layanan Antar-Jemput",200000,Q16="Laundry",50000,Q16="Paket Spa & Pijat",300000,TRUE,0) -> 75000 | S16: =P16+R16 -> 2475000 | T16: =_xlfn.IFS(F16="Booking Online","TF/VA/Kartu Kredit",F16="Walk-in","Tunai/Kartu Kredit/Debit",TRUE,"TF/Tunai") -> TF/VA/Kartu Kredit | U16: =_xlfn.IFS(I16<TODAY(),"sudah check out",I16>TODAY(),"belum datang",TRUE,"sedang menginap ") -> sudah check out | V16: =IF(AND(T16="Tunai/Kartu Kredit/Debit",U16="belum datang"),"Belum lunas","Lunas") -> Lunas
A17: 11 | B17: P-WI-15/05/25-S-KMR5 | C17: CHIKA YURESTA | D17: +62 813-2109-8765 | E17: =IF(LEFT(B17,1)="K","KTP","Paspor") -> Paspor | F17: =_xlfn.IFS(MID(B17,3,2)="BO","Booking Online",MID(B17,3,2)="WI","Walk-in",TRUE,"Booking via Telepon") -> Walk-in | G17: =IF(MID(B17,15,1)="S","Staycation",IF(MID(B17,15,1)="T","Travelers","Perjalanan Bisnis")) -> Staycation | H17: =DATEVALUE(MID(B17,6,8)) -> 45792 | I17: =_xlfn.IFS(G17="Staycation",H17+3,G17="Walk-in",H17+3,G17="Perjalanan Bisnis",H17+5,TRUE,H17+2) -> 45795 | J17: 1 | K17: =RIGHT(B17,4) -> KMR5 | L17: =INDEX(Master_Data!$A$7:$A$11,MATCH(Reservation_Log!K17,Master_Data!$D$7:$D$11,0)) -> Family Room | M17: =INDEX(Master_Data!$C$7:$C$11,MATCH(Reservation_Log!K17,Master_Data!$D$7:$D$11,0)) -> 3 | N17: =INDEX(Master_Data!$B$7:$B$11,MATCH(Reservation_Log!K17,Master_Data!$D$7:$D$11,0)) -> 500000 | O17: =I17-H17&" hari" -> 3 hari | P17: =N17*SUBSTITUTE(O17," hari","") -> 1500000 | Q17: Box Bayi | R17: =_xlfn.IFS(Q17="Sarapan",75000,Q17="Box Bayi",150000,Q17="Layanan Antar-Jemput",200000,Q17="Laundry",50000,Q17="Paket Spa & Pijat",300000,TRUE,0) -> 150000 | S17: =P17+R17 -> 1650000 | T17: =_xlfn.IFS(F17="Booking Online","TF/VA/Kartu Kredit",F17="Walk-in","Tunai/Kartu Kredit/Debit",TRUE,"TF/Tunai") -> Tunai/Kartu Kredit/Debit | U17: =_xlfn.IFS(I17<TODAY(),"sudah check out",I17>TODAY(),"belum datang",TRUE,"sedang menginap ") -> sudah check out | V17: =IF(AND(T17="Tunai/Kartu Kredit/Debit",U17="belum datang"),"Belum lunas","Lunas") -> Lunas
A18: 12 | B18: K-WI-15/05/25-T-KMR5 | C18: MEI ZHANG | D18: +62 813-1098-7654 | E18: =IF(LEFT(B18,1)="K","KTP","Paspor") -> KTP | F18: =_xlfn.IFS(MID(B18,3,2)="BO","Booking Online",MID(B18,3,2)="WI","Walk-in",TRUE,"Booking via Telepon") -> Walk-in | G18: =IF(MID(B18,15,1)="S","Staycation",IF(MID(B18,15,1)="T","Travelers","Perjalanan Bisnis")) -> Travelers | H18: =DATEVALUE(MID(B18,6,8)) -> 45792 | I18: =_xlfn.IFS(G18="Staycation",H18+3,G18="Walk-in",H18+3,G18="Perjalanan Bisnis",H18+5,TRUE,H18+2) -> 45794 | J18: 3 | K18: =RIGHT(B18,4) -> KMR5 | L18: =INDEX(Master_Data!$A$7:$A$11,MATCH(Reservation_Log!K18,Master_Data!$D$7:$D$11,0)) -> Family Room | M18: =INDEX(Master_Data!$C$7:$C$11,MATCH(Reservation_Log!K18,Master_Data!$D$7:$D$11,0)) -> 3 | N18: =INDEX(Master_Data!$B$7:$B$11,MATCH(Reservation_Log!K18,Master_Data!$D$7:$D$11,0)) -> 500000 | O18: =I18-H18&" hari" -> 2 hari | P18: =N18*SUBSTITUTE(O18," hari","") -> 1000000 | Q18: - | R18: =_xlfn.IFS(Q18="Sarapan",75000,Q18="Box Bayi",150000,Q18="Layanan Antar-Jemput",200000,Q18="Laundry",50000,Q18="Paket Spa & Pijat",300000,TRUE,0) -> 0 | S18: =P18+R18 -> 1000000 | T18: =_xlfn.IFS(F18="Booking Online","TF/VA/Kartu Kredit",F18="Walk-in","Tunai/Kartu Kredit/Debit",TRUE,"TF/Tunai") -> Tunai/Kartu Kredit/Debit | U18: =_xlfn.IFS(I18<TODAY(),"sudah check out",I18>TODAY(),"belum datang",TRUE,"sedang menginap ") -> sudah check out | V18: =IF(AND(T18="Tunai/Kartu Kredit/Debit",U18="belum datang"),"Belum lunas","Lunas") -> Lunas
... A36: 30 | B36: P-BT-07/06/25-B-KMR3 | C36: YICHEN LUO | D36: +62 812-2134-5555 | E36: =IF(LEFT(B36,1)="K","KTP","Paspor") -> Paspor | F36: =_xlfn.IFS(MID(B36,3,2)="BO","Booking Online",MID(B36,3,2)="WI","Walk-in",TRUE,"Booking via Telepon") -> Booking via Telepon | G36: =IF(MID(B36,15,1)="S","Staycation",IF(MID(B36,15,1)="T","Travelers","Perjalanan Bisnis")) -> Perjalanan Bisnis | H36: =DATEVALUE(MID(B36,6,8)) -> 45815 | I36: =_xlfn.IFS(G36="Staycation",H36+3,G36="Walk-in",H36+3,G36="Perjalanan Bisnis",H36+5,TRUE,H36+2) -> 45820 | J36: 2 | K36: =RIGHT(B36,4) -> KMR3 | L36: =INDEX(Master_Data!$A$7:$A$11,MATCH(Reservation_Log!K36,Master_Data!$D$7:$D$11,0)) -> Deluxe Room | M36: =INDEX(Master_Data!$C$7:$C$11,MATCH(Reservation_Log!K36,Master_Data!$D$7:$D$11,0)) -> 2 | N36: =INDEX(Master_Data!$B$7:$B$11,MATCH(Reservation_Log!K36,Master_Data!$D$7:$D$11,0)) -> 1800000 | O36: =I36-H36&" hari" -> 5 hari | P36: =N36*SUBSTITUTE(O36," hari","") -> 9000000 | Q36: - | R36: =_xlfn.IFS(Q36="Sarapan",75000,Q36="Box Bayi",150000,Q36="Layanan Antar-Jemput",200000,Q36="Laundry",50000,Q36="Paket Spa & Pijat",300000,TRUE,0) -> 0 | S36: =P36+R36 -> 9000000 | T36: =_xlfn.IFS(F36="Booking Online","TF/VA/Kartu Kredit",F36="Walk-in","Tunai/Kartu Kredit/Debit",TRUE,"TF/Tunai") -> TF/Tunai | U36: =_xlfn.IFS(I36<TODAY(),"sudah check out",I36>TODAY(),"belum datang",TRUE,"sedang menginap ") -> sudah check out | V36: =IF(AND(T36="Tunai/Kartu Kredit/Debit",U36="belum datang"),"Belum lunas","Lunas") -> Lunas

Sheet Dashboard
B1: Hotel Revenue & Guest Insights Dashboard
A22: TUJUAN TAMU | B22: Count of TUJUAN TAMU | E22: TIPE KAMAR | F22: Sum of TOTAL TAGIHAN
A23: Perjalanan Bisnis | B23: 8 | E23: Deluxe Room | F23: 23800000
A24: Staycation | B24: 11 | E24: Family Room | F24: 9300000
A25: Travelers | B25: 7 | E25: Standard Room | F25: 13825000
A26: Grand Total | B26: 26 | E26: Suite | F26: 30700000
E27: Superior Room | F27: 29100000
E28: Grand Total | F28: 106725000
